iter	Logloss
0	0.6660704286
1	0.6478287321
2	0.6231850915
3	0.5998613139
4	0.5777751538
